day,facility_id,supplier_id,latitude,longitude,demand,expected_demand,replenishment,stock_before_demand,inventory,estimated_days_of_stock,supplier_disrupted,stockout,lag_1,lag_7,day_of_week,month,trend,predicted_demand,prediction_lower,prediction_upper,forecast_confidence
24,F01,S01,20.183434789866165,77.77969100027276,13,11.77,45,68.0,55.0,4.67,False,False,10.0,10.0,2,1,0.8,10.646183119743695,8.35333608280158,12.93903015668581,0.7065822666292949
25,F01,S01,20.183434789866165,77.77969100027276,13,11.77,0,55.0,42.0,3.57,False,False,13.0,11.0,3,1,0.8333333333333334,11.828807024460298,9.535959987518183,14.121654061402413,0.7065822666292949
26,F01,S01,20.183434789866165,77.77969100027276,16,11.77,0,42.0,26.0,2.21,False,False,13.0,11.0,4,1,0.8666666666666667,11.626282491584831,9.333435454642716,13.919129528526947,0.7065822666292949
27,F01,S01,20.183434789866165,77.77969100027276,10,10.01,0,26.0,16.0,1.6,False,False,16.0,11.0,5,1,0.9,10.875780087204443,8.582933050262328,13.168627124146559,0.7065822666292949
28,F01,S01,20.183434789866165,77.77969100027276,12,10.01,45,61.0,49.0,4.9,False,False,10.0,11.0,6,1,0.9333333333333333,9.774401494044895,7.48155445710278,12.06724853098701,0.7065822666292949
29,F01,S01,20.183434789866165,77.77969100027276,12,11.77,0,49.0,37.0,3.14,False,False,12.0,11.0,0,1,0.9666666666666667,11.762722144841169,9.469875107899053,14.055569181783284,0.7065822666292949
30,F01,S01,20.183434789866165,77.77969100027276,11,11.77,0,37.0,26.0,2.21,False,False,12.0,10.0,1,1,1.0,12.021276698032352,9.728429661090237,14.314123734974467,0.7065822666292949
24,F02,S02,20.15601864044244,77.15599452033621,15,13.47,0,95.0,80.0,5.94,False,False,11.0,15.0,2,1,0.8,13.597648742398997,11.304801705456882,15.890495779341112,0.7065822666292949
25,F02,S02,20.15601864044244,77.15599452033621,12,13.47,74,154.0,142.0,10.54,False,False,15.0,15.0,3,1,0.8333333333333334,12.324986509848738,10.032139472906623,14.617833546790854,0.7065822666292949
26,F02,S02,20.15601864044244,77.15599452033621,14,13.47,0,142.0,128.0,9.5,False,False,12.0,10.0,4,1,0.8666666666666667,11.650726587328942,9.357879550386826,13.943573624271057,0.7065822666292949
27,F02,S02,20.15601864044244,77.15599452033621,9,11.45,0,128.0,119.0,10.39,False,False,14.0,12.0,5,1,0.9,9.581650137246388,7.288803100304273,11.874497174188503,0.7065822666292949
28,F02,S02,20.15601864044244,77.15599452033621,10,11.45,0,119.0,109.0,9.52,False,False,9.0,7.0,6,1,0.9333333333333333,7.577485120147901,5.284638083205786,9.870332157090015,0.7065822666292949
29,F02,S02,20.15601864044244,77.15599452033621,13,13.47,0,109.0,96.0,7.13,False,False,10.0,15.0,0,1,0.9666666666666667,12.78661397834159,10.493766941399475,15.079461015283705,0.7065822666292949
30,F02,S02,20.15601864044244,77.15599452033621,15,13.47,74,170.0,155.0,11.5,False,False,13.0,11.0,1,1,1.0,11.278103004529648,8.985255967587532,13.570950041471763,0.7065822666292949
24,F03,S03,20.459248891965867,77.33370861113902,11,13.98,28,193.0,182.0,13.02,False,False,14.0,13.0,2,1,0.8,10.791480406070075,8.49863336912796,13.08432744301219,0.7065822666292949
25,F03,S03,20.459248891965867,77.33370861113902,18,13.98,0,182.0,164.0,11.74,False,False,11.0,12.0,3,1,0.8333333333333334,12.757332945986262,10.464485909044146,15.050179982928377,0.7065822666292949
26,F03,S03,20.459248891965867,77.33370861113902,13,13.98,28,192.0,179.0,12.81,False,False,18.0,13.0,4,1,0.8666666666666667,10.884631509215664,8.591784472273549,13.17747854615778,0.7065822666292949
27,F03,S03,20.459248891965867,77.33370861113902,10,11.88,0,179.0,169.0,14.23,False,False,13.0,12.0,5,1,0.9,10.190744234054858,7.8978971971127425,12.483591270996973,0.7065822666292949
28,F03,S03,20.459248891965867,77.33370861113902,10,11.88,28,197.0,187.0,15.74,False,False,10.0,9.0,6,1,0.9333333333333333,10.901170071423794,8.608323034481678,13.194017108365909,0.7065822666292949
29,F03,S03,20.459248891965867,77.33370861113902,12,13.98,0,187.0,175.0,12.52,False,False,10.0,11.0,0,1,0.9666666666666667,9.584221961334336,7.291374924392221,11.877068998276451,0.7065822666292949
30,F03,S03,20.459248891965867,77.33370861113902,12,13.98,28,203.0,191.0,13.67,False,False,12.0,14.0,1,1,1.0,11.51160615942832,9.218759122486205,13.804453196370435,0.7065822666292949
24,F04,S01,20.708072577796045,77.0205844942958,12,13.11,56,63.0,51.0,3.89,False,False,15.0,12.0,2,1,0.8,12.01943754929085,9.726590512348734,14.312284586232964,0.7065822666292949
25,F04,S01,20.708072577796045,77.0205844942958,12,13.11,0,51.0,39.0,2.97,False,False,12.0,11.0,3,1,0.8333333333333334,11.830910111252368,9.538063074310253,14.123757148194484,0.7065822666292949
26,F04,S01,20.708072577796045,77.0205844942958,13,13.11,0,39.0,26.0,1.98,False,False,12.0,14.0,4,1,0.8666666666666667,11.123217121424128,8.830370084482013,13.416064158366243,0.7065822666292949
27,F04,S01,20.708072577796045,77.0205844942958,14,11.15,0,26.0,12.0,1.08,False,False,13.0,10.0,5,1,0.9,10.762068121384603,8.469221084442488,13.054915158326718,0.7065822666292949
28,F04,S01,20.708072577796045,77.0205844942958,11,11.15,56,68.0,57.0,5.11,False,False,14.0,11.0,6,1,0.9333333333333333,9.243198533461946,6.950351496519831,11.536045570404061,0.7065822666292949
29,F04,S01,20.708072577796045,77.0205844942958,12,13.11,0,57.0,45.0,3.43,False,False,11.0,13.0,0,1,0.9666666666666667,13.098502417942333,10.805655381000218,15.391349454884448,0.7065822666292949
30,F04,S01,20.708072577796045,77.0205844942958,14,13.11,0,45.0,31.0,2.36,False,False,12.0,15.0,1,1,1.0,12.864980488356911,10.572133451414796,15.157827525299027,0.7065822666292949
24,F05,S02,20.721998772266826,77.93855270901575,8,8.65,0,16.0,8.0,0.92,False,False,9.0,8.0,2,1,0.8,9.412473834293928,7.119626797351813,11.705320871236044,0.7065822666292949
25,F05,S02,20.721998772266826,77.93855270901575,9,8.65,43,51.0,42.0,4.85,False,False,8.0,8.0,3,1,0.8333333333333334,9.17996875416787,6.887121717225755,11.472815791109985,0.7065822666292949
26,F05,S02,20.721998772266826,77.93855270901575,10,8.65,0,42.0,32.0,3.7,False,False,9.0,9.0,4,1,0.8666666666666667,10.04778134692001,7.7549343099778945,12.340628383862125,0.7065822666292949
27,F05,S02,20.721998772266826,77.93855270901575,5,7.36,0,32.0,27.0,3.67,False,False,10.0,6.0,5,1,0.9,8.596166865704152,6.303319828762037,10.889013902646267,0.7065822666292949
28,F05,S02,20.721998772266826,77.93855270901575,8,7.36,0,27.0,19.0,2.58,False,False,5.0,7.0,6,1,0.9333333333333333,5.922270615335704,3.6294235783935895,8.215117652277819,0.7065822666292949
29,F05,S02,20.721998772266826,77.93855270901575,7,8.65,0,19.0,12.0,1.39,False,False,8.0,8.0,0,1,0.9666666666666667,9.088688685306897,6.795841648364782,11.381535722249012,0.7065822666292949
30,F05,S02,20.721998772266826,77.93855270901575,7,8.65,43,55.0,48.0,5.55,False,False,7.0,9.0,1,1,1.0,7.76071112268968,5.467864085747566,10.053558159631795,0.7065822666292949
24,F06,S03,20.1818249672071,77.18340450985343,12,12.16,25,157.0,145.0,11.93,False,False,14.0,14.0,2,1,0.8,11.690018303209115,9.397171266267,13.98286534015123,0.7065822666292949
25,F06,S03,20.1818249672071,77.18340450985343,8,12.16,0,145.0,137.0,11.27,False,False,12.0,9.0,3,1,0.8333333333333334,11.937646551139933,9.644799514197818,14.230493588082048,0.7065822666292949
26,F06,S03,20.1818249672071,77.18340450985343,11,12.16,25,162.0,151.0,12.42,False,False,8.0,13.0,4,1,0.8666666666666667,12.226972834688626,9.93412579774651,14.519819871630741,0.7065822666292949
27,F06,S03,20.1818249672071,77.18340450985343,10,10.33,0,151.0,141.0,13.64,False,False,11.0,10.0,5,1,0.9,10.719084494959622,8.426237458017507,13.011931531901737,0.7065822666292949
28,F06,S03,20.1818249672071,77.18340450985343,11,10.33,25,166.0,155.0,15.0,False,False,10.0,10.0,6,1,0.9333333333333333,9.685459607485301,7.392612570543186,11.978306644427416,0.7065822666292949
29,F06,S03,20.1818249672071,77.18340450985343,11,12.16,0,155.0,144.0,11.84,False,False,11.0,9.0,0,1,0.9666666666666667,11.56856921794505,9.275722181002935,13.861416254887166,0.7065822666292949
30,F06,S03,20.1818249672071,77.18340450985343,12,12.16,25,169.0,157.0,12.91,False,False,11.0,14.0,1,1,1.0,12.582491013658508,10.289643976716393,14.875338050600623,0.7065822666292949
24,F07,S01,20.61165316048828,77.00706630521972,17,13.48,55,182.0,165.0,12.24,False,False,10.0,10.0,2,1,0.8,10.646183119743695,8.35333608280158,12.93903015668581,0.7065822666292949
25,F07,S01,20.61165316048828,77.00706630521972,11,13.48,0,165.0,154.0,11.42,False,False,17.0,12.0,3,1,0.8333333333333334,12.337097357907117,10.044250320965002,14.629944394849232,0.7065822666292949
26,F07,S01,20.61165316048828,77.00706630521972,15,13.48,0,154.0,139.0,10.31,False,False,11.0,12.0,4,1,0.8666666666666667,12.725534741708076,10.43268770476596,15.018381778650191,0.7065822666292949
27,F07,S01,20.61165316048828,77.00706630521972,11,11.46,0,139.0,128.0,11.17,False,False,15.0,11.0,5,1,0.9,10.373324567669638,8.080477530727523,12.666171604611753,0.7065822666292949
28,F07,S01,20.61165316048828,77.00706630521972,11,11.46,55,183.0,172.0,15.01,False,False,11.0,10.0,6,1,0.9333333333333333,9.896591378142993,7.603744341200878,12.189438415085109,0.7065822666292949
29,F07,S01,20.61165316048828,77.00706630521972,14,13.48,0,172.0,158.0,11.72,False,False,11.0,13.0,0,1,0.9666666666666667,13.098502417942333,10.805655381000218,15.391349454884448,0.7065822666292949
30,F07,S01,20.61165316048828,77.00706630521972,9,13.48,0,158.0,149.0,11.05,False,False,14.0,10.0,1,1,1.0,11.513128527066854,9.220281490124739,13.80597556400897,0.7065822666292949
24,F08,S02,20.29122914019804,77.61185289472238,10,10.55,0,54.0,44.0,4.17,False,False,9.0,13.0,2,1,0.8,12.565547021448198,10.272699984506083,14.858394058390314,0.7065822666292949
25,F08,S02,20.29122914019804,77.61185289472238,10,10.55,51,95.0,85.0,8.06,False,False,10.0,10.0,3,1,0.8333333333333334,11.323419828661402,9.030572791719287,13.616266865603517,0.7065822666292949
26,F08,S02,20.29122914019804,77.61185289472238,9,10.55,0,85.0,76.0,7.2,False,False,10.0,13.0,4,1,0.8666666666666667,12.208285190948866,9.91543815400675,14.50113222789098,0.7065822666292949
27,F08,S02,20.29122914019804,77.61185289472238,8,8.97,0,76.0,68.0,7.58,False,False,9.0,8.0,5,1,0.9,9.059129861721132,6.766282824779017,11.351976898663247,0.7065822666292949
28,F08,S02,20.29122914019804,77.61185289472238,10,8.97,0,68.0,58.0,6.47,False,False,8.0,9.0,6,1,0.9333333333333333,8.852749287476493,6.559902250534378,11.145596324418609,0.7065822666292949
29,F08,S02,20.29122914019804,77.61185289472238,13,10.55,0,58.0,45.0,4.27,False,False,10.0,9.0,0,1,0.9666666666666667,11.534724924754505,9.24187788781239,13.82757196169662,0.7065822666292949
30,F08,S02,20.29122914019804,77.61185289472238,9,10.55,51,96.0,87.0,8.25,False,False,13.0,9.0,1,1,1.0,11.44455562130736,9.151708584365245,13.737402658249476,0.7065822666292949
24,F09,S03,20.046665663213616,77.97375551884146,7,6.23,15,118.0,111.0,17.8,False,False,4.0,5.0,2,1,0.8,3.7547921964758566,1.4619451595337418,6.047639233417971,0.7065822666292949
25,F09,S03,20.046665663213616,77.97375551884146,5,6.23,0,111.0,106.0,17.0,False,False,7.0,6.0,3,1,0.8333333333333334,4.6400626768729465,2.3472156399308317,6.932909713815061,0.7065822666292949
26,F09,S03,20.046665663213616,77.97375551884146,7,6.23,15,121.0,114.0,18.28,False,False,5.0,5.0,4,1,0.8666666666666667,4.046819287336013,1.7539722503938981,6.339666324278127,0.7065822666292949
27,F09,S03,20.046665663213616,77.97375551884146,4,5.3,0,114.0,110.0,20.76,False,False,7.0,4.0,5,1,0.9,4.3725240571689525,2.0796770202268378,6.665371094111068,0.7065822666292949
28,F09,S03,20.046665663213616,77.97375551884146,6,5.3,15,125.0,119.0,22.45,False,False,4.0,4.0,6,1,0.9333333333333333,4.422967703628646,2.130120666686531,6.71581474057076,0.7065822666292949
29,F09,S03,20.046665663213616,77.97375551884146,6,6.23,0,119.0,113.0,18.12,False,False,6.0,6.0,0,1,0.9666666666666667,5.39234844887881,3.099501411936695,7.685195485820925,0.7065822666292949
30,F09,S03,20.046665663213616,77.97375551884146,4,6.23,15,128.0,124.0,19.89,False,False,6.0,4.0,1,1,1.0,4.066285902682668,1.773438865740553,6.359132939624782,0.7065822666292949
24,F10,S01,20.456069984217034,77.78517596139301,17,14.93,64,138.0,121.0,8.11,False,False,14.0,16.0,2,1,0.8,13.528524977212731,11.235677940270616,15.821372014154846,0.7065822666292949
25,F10,S01,20.456069984217034,77.78517596139301,15,14.93,0,121.0,106.0,7.1,False,False,17.0,9.0,3,1,0.8333333333333334,12.37840015018456,10.085553113242446,14.671247187126676,0.7065822666292949
26,F10,S01,20.456069984217034,77.78517596139301,15,14.93,0,106.0,91.0,6.1,False,False,15.0,9.0,4,1,0.8666666666666667,11.522984974412523,9.230137937470408,13.815832011354638,0.7065822666292949
27,F10,S01,20.456069984217034,77.78517596139301,10,12.69,0,91.0,81.0,6.38,False,False,15.0,12.0,5,1,0.9,10.13194021544947,7.839093178507355,12.424787252391585,0.7065822666292949
28,F10,S01,20.456069984217034,77.78517596139301,6,12.69,64,145.0,139.0,10.96,False,False,10.0,11.0,6,1,0.9333333333333333,9.774401494044895,7.48155445710278,12.06724853098701,0.7065822666292949
29,F10,S01,20.456069984217034,77.78517596139301,17,14.93,0,139.0,122.0,8.17,False,False,6.0,14.0,0,1,0.9666666666666667,12.616949050396682,10.324102013454567,14.909796087338798,0.7065822666292949
30,F10,S01,20.456069984217034,77.78517596139301,19,14.93,0,122.0,103.0,6.9,False,False,17.0,14.0,1,1,1.0,12.709565104888243,10.416718067946128,15.002412141830359,0.7065822666292949
