day,facility_id,supplier_id,latitude,longitude,demand,expected_demand,replenishment,stock_before_demand,inventory,estimated_days_of_stock,supplier_disrupted,stockout,stl_residual,modified_z,demand_anomaly
1,F01,S01,20.183434789866165,77.77969100027276,13,11.77,0,90.0,77.0,6.54,False,False,0.165754158252998,0.5989633912378688,False
2,F01,S01,20.183434789866165,77.77969100027276,11,11.77,0,77.0,66.0,5.61,False,False,-0.03488938727009305,-0.014614260511317844,False
3,F01,S01,20.183434789866165,77.77969100027276,10,11.77,0,66.0,56.0,4.76,False,False,-0.025331486861466246,0.014614260511317844,False
4,F01,S01,20.183434789866165,77.77969100027276,15,11.77,45,101.0,86.0,7.3,False,False,0.19095163112005942,0.6760184801094224,False
5,F01,S01,20.183434789866165,77.77969100027276,8,11.77,0,86.0,78.0,6.62,False,False,-0.09422420633711148,-0.1960630026335218,False
6,F01,S01,20.183434789866165,77.77969100027276,11,10.01,0,78.0,67.0,6.69,False,False,-0.39987036009941157,-1.130743701196338,False
7,F01,S01,20.183434789866165,77.77969100027276,11,10.01,0,67.0,56.0,5.6,False,False,-0.1142044072300692,-0.2571634218541696,False
8,F01,S01,20.183434789866165,77.77969100027276,9,11.77,45,101.0,92.0,7.81,False,False,-1.5357341295276647,-4.604269961589099,False
9,F01,S01,20.183434789866165,77.77969100027276,13,11.77,0,92.0,79.0,6.71,False,False,3.9117784893757346,12.054486699965917,True
10,F01,S01,20.183434789866165,77.77969100027276,12,11.77,0,79.0,67.0,5.69,False,False,2.657656055615268,8.219319733061596,True
11,F01,S01,20.183434789866165,77.77969100027276,11,11.77,0,67.0,56.0,4.76,False,False,-1.2401342403172695,-3.700311225183294,False
12,F01,S01,20.183434789866165,77.77969100027276,9,11.77,45,101.0,92.0,7.81,False,False,0.06257893636820988,0.2834485801447604,False
13,F01,S01,20.183434789866165,77.77969100027276,10,10.01,0,92.0,82.0,8.19,False,False,0.42493166452513087,1.3915407216975917,False
14,F01,S01,20.183434789866165,77.77969100027276,8,10.01,0,82.0,74.0,7.39,False,False,-1.9584010814423243,-5.896805912106068,False
15,F01,S01,20.183434789866165,77.77969100027276,9,11.77,0,74.0,65.0,5.52,True,False,-0.46503359740131245,-1.3300160277485715,False
16,F01,S01,20.183434789866165,77.77969100027276,11,11.77,22,87.0,76.0,6.45,True,False,2.5484226403995773,7.885278674198458,True
17,F01,S01,20.183434789866165,77.77969100027276,10,11.77,0,76.0,66.0,5.61,True,False,-0.15834541798596646,-0.392148764416919,False
18,F01,S01,20.183434789866165,77.77969100027276,11,11.77,0,66.0,55.0,4.67,True,False,-0.49587212441598005,-1.42432173262302,False
19,F01,S01,20.183434789866165,77.77969100027276,11,11.77,0,55.0,44.0,3.74,True,False,-0.6757945482823846,-1.9745331936753037,False
20,F01,S01,20.183434789866165,77.77969100027276,11,10.01,22,66.0,55.0,5.5,True,False,1.5063321011718713,4.6985154802845335,True
21,F01,S01,20.183434789866165,77.77969100027276,11,10.01,0,55.0,44.0,4.4,True,False,0.16155402324899093,0.5861191755614088,False
22,F01,S01,20.183434789866165,77.77969100027276,11,11.77,0,44.0,33.0,2.8,False,False,0.286446831995983,0.9680474160714955,False
23,F01,S01,20.183434789866165,77.77969100027276,10,11.77,0,33.0,23.0,1.95,False,False,0.08682760518517618,0.3576021804111872,False
24,F01,S01,20.183434789866165,77.77969100027276,13,11.77,45,68.0,55.0,4.67,False,False,0.05256941116523883,0.252838968691017,False
25,F01,S01,20.183434789866165,77.77969100027276,13,11.77,0,55.0,42.0,3.57,False,False,0.2788943804345898,0.9449516544714505,False
26,F01,S01,20.183434789866165,77.77969100027276,16,11.77,0,42.0,26.0,2.21,False,False,0.1899585270456452,0.6729815198905775,False
27,F01,S01,20.183434789866165,77.77969100027276,10,10.01,0,26.0,16.0,1.6,False,False,-0.12918437071239453,-0.30297287360010655,False
28,F01,S01,20.183434789866165,77.77969100027276,12,10.01,45,61.0,49.0,4.9,False,False,-0.09570715516546713,-0.20059793176565252,False
29,F01,S01,20.183434789866165,77.77969100027276,12,11.77,0,49.0,37.0,3.14,False,False,-0.0606315778139912,-0.0933351223443111,False
30,F01,S01,20.183434789866165,77.77969100027276,11,11.77,0,37.0,26.0,2.21,False,False,-0.04524737262333289,-0.046289479932527466,False
1,F02,S02,20.15601864044244,77.15599452033621,11,13.47,0,154.0,143.0,10.61,False,False,-0.20125965647238964,-0.06894895442106352,False
2,F02,S02,20.15601864044244,77.15599452033621,12,13.47,0,143.0,131.0,9.72,False,False,-0.09050962118352679,0.018380195477592197,False
3,F02,S02,20.15601864044244,77.15599452033621,13,13.47,0,131.0,118.0,8.76,False,False,0.6658105629747091,0.614757420653749,False
4,F02,S02,20.15601864044244,77.15599452033621,12,13.47,0,118.0,106.0,7.87,False,False,-0.1945375872094779,-0.06364843607126036,False
5,F02,S02,20.15601864044244,77.15599452033621,10,13.47,74,180.0,170.0,12.62,False,False,-0.3194101579335449,-0.1621135554597068,False
6,F02,S02,20.15601864044244,77.15599452033621,10,11.45,0,170.0,160.0,13.97,False,False,-0.13712881535000676,-0.018380195477592197,False
7,F02,S02,20.15601864044244,77.15599452033621,13,11.45,0,160.0,147.0,12.84,False,False,-0.2894592308270614,-0.1384965065254674,False
8,F02,S02,20.15601864044244,77.15599452033621,14,13.47,0,147.0,133.0,9.87,False,False,0.9590168412109783,0.8459578438097048,False
9,F02,S02,20.15601864044244,77.15599452033621,14,13.47,0,133.0,119.0,8.83,False,False,1.0147426158210813,0.8898989993267339,False
10,F02,S02,20.15601864044244,77.15599452033621,13,13.47,74,193.0,180.0,13.36,False,False,-1.223960428557925,-0.8753738805529827,False
11,F02,S02,20.15601864044244,77.15599452033621,14,13.47,0,180.0,166.0,12.32,False,False,0.13072204748558214,0.19282685371244684,False
12,F02,S02,20.15601864044244,77.15599452033621,13,13.47,0,166.0,153.0,11.36,False,False,1.2197323448834503,1.051538485312276,False
13,F02,S02,20.15601864044244,77.15599452033621,11,11.45,0,153.0,142.0,12.4,False,False,-0.005526529986163098,0.08539147082995335,False
14,F02,S02,20.15601864044244,77.15599452033621,13,11.45,0,142.0,129.0,11.26,False,False,1.1419829696954888,0.9902311744603481,False
15,F02,S02,20.15601864044244,77.15599452033621,12,13.47,37,166.0,154.0,11.43,True,False,-1.4536624633592918,-1.0564996325843414,False
16,F02,S02,20.15601864044244,77.15599452033621,11,13.47,0,154.0,143.0,10.61,True,False,-1.3926073851770617,-1.008356189011224,False
17,F02,S02,20.15601864044244,77.15599452033621,15,13.47,0,143.0,128.0,9.5,True,False,0.557994242192418,0.5297415774121617,False
18,F02,S02,20.15601864044244,77.15599452033621,15,13.47,0,128.0,113.0,8.39,True,False,1.7118910532160587,1.439617834468287,False
19,F02,S02,20.15601864044244,77.15599452033621,10,13.47,0,113.0,103.0,7.64,True,False,-2.0935579611517348,-1.5610731047321256,False
20,F02,S02,20.15601864044244,77.15599452033621,12,11.45,37,140.0,128.0,11.18,True,False,1.8631975170111836,1.5589267342165902,False
21,F02,S02,20.15601864044244,77.15599452033621,7,11.45,0,128.0,121.0,10.57,True,False,-2.9661778307998894,-2.2491555166454735,False
22,F02,S02,20.15601864044244,77.15599452033621,15,13.47,0,121.0,106.0,7.87,False,False,2.071984399306398,1.7235603697118318,False
23,F02,S02,20.15601864044244,77.15599452033621,11,13.47,0,106.0,95.0,7.05,False,False,-1.3143649674852913,-0.9466601019154851,False
24,F02,S02,20.15601864044244,77.15599452033621,15,13.47,0,95.0,80.0,5.94,False,False,-0.19321571942410287,-0.06260611053453137,False
25,F02,S02,20.15601864044244,77.15599452033621,12,13.47,74,154.0,142.0,10.54,False,False,-0.9398866276154756,-0.6513746422676043,False
26,F02,S02,20.15601864044244,77.15599452033621,14,13.47,0,142.0,128.0,9.5,False,False,0.68898038086712,0.6330273967722523,False
27,F02,S02,20.15601864044244,77.15599452033621,9,11.45,0,128.0,119.0,10.39,False,False,-0.9985413651894142,-0.6976253577323958,False
28,F02,S02,20.15601864044244,77.15599452033621,10,11.45,0,119.0,109.0,9.52,False,False,0.6773736575088716,0.6238752075080143,False
29,F02,S02,20.15601864044244,77.15599452033621,13,13.47,0,109.0,96.0,7.13,False,False,-0.8745084286886229,-0.5998223107555132,False
30,F02,S02,20.15601864044244,77.15599452033621,15,13.47,74,170.0,155.0,11.5,False,False,1.1223928098484883,0.9747838475014431,False
1,F03,S03,20.459248891965867,77.33370861113902,14,13.98,0,183.0,169.0,12.09,False,False,-0.7143974053203657,-0.7481368180560016,False
2,F03,S03,20.459248891965867,77.33370861113902,11,13.98,28,197.0,186.0,13.31,False,False,0.10603170892457037,0.05794559298995513,False
3,F03,S03,20.459248891965867,77.33370861113902,11,13.98,0,186.0,175.0,12.52,False,False,-0.20122790530135148,-0.24394102506384877,False
4,F03,S03,20.459248891965867,77.33370861113902,14,13.98,28,203.0,189.0,13.52,False,False,0.375317632111436,0.32252255942657104,False
5,F03,S03,20.459248891965867,77.33370861113902,14,13.98,0,189.0,175.0,12.52,False,False,0.510577177517014,0.455416844361659,False
6,F03,S03,20.459248891965867,77.33370861113902,12,11.88,28,203.0,191.0,16.08,False,False,-0.1286011087886596,-0.17258424088466506,False
7,F03,S03,20.459248891965867,77.33370861113902,13,11.88,0,191.0,178.0,14.98,False,False,0.7367553162375291,0.6776398447649447,False
8,F03,S03,20.459248891965867,77.33370861113902,14,13.98,28,206.0,192.0,13.74,False,False,0.892706654963856,0.8308640891800839,False
9,F03,S03,20.459248891965867,77.33370861113902,10,13.98,0,192.0,182.0,13.02,False,False,-0.9484077067555194,-0.978055021487925,False
10,F03,S03,20.459248891965867,77.33370861113902,15,13.98,28,210.0,195.0,13.95,False,False,4.301376037547682,4.179926654933201,True
11,F03,S03,20.459248891965867,77.33370861113902,13,13.98,0,195.0,182.0,13.02,False,False,-0.7905824445721272,-0.8229896225937946,False
12,F03,S03,20.459248891965867,77.33370861113902,11,13.98,28,210.0,199.0,14.24,False,False,-1.119480963887968,-1.1461367499157629,False
13,F03,S03,20.459248891965867,77.33370861113902,11,11.88,0,199.0,188.0,15.83,False,False,-0.04174556333599888,-0.08724752345767915,False
14,F03,S03,20.459248891965867,77.33370861113902,9,11.88,28,216.0,207.0,17.43,False,False,-1.328501954799048,-1.351502626610525,False
15,F03,S03,20.459248891965867,77.33370861113902,13,13.98,0,207.0,194.0,13.88,True,False,0.33674754746282254,0.2846269432325814,False
16,F03,S03,20.459248891965867,77.33370861113902,15,13.98,14,208.0,193.0,13.81,True,False,2.516537767162026,2.4262995452423595,False
17,F03,S03,20.459248891965867,77.33370861113902,13,13.98,0,193.0,180.0,12.88,True,False,1.1744242338194884,1.107655321055092,False
18,F03,S03,20.459248891965867,77.33370861113902,12,13.98,14,194.0,182.0,13.02,True,False,-4.350228604395852,-4.320388860579088,False
19,F03,S03,20.459248891965867,77.33370861113902,13,13.98,0,182.0,169.0,12.09,True,False,-0.01192211534870502,-0.05794559298995513,False
20,F03,S03,20.459248891965867,77.33370861113902,12,11.88,14,183.0,171.0,14.4,True,False,0.5929641276655016,0.5363631080440924,False
21,F03,S03,20.459248891965867,77.33370861113902,9,11.88,0,171.0,162.0,13.64,True,False,-0.9347840354020747,-0.9646695849386755,False
22,F03,S03,20.459248891965867,77.33370861113902,11,13.98,28,190.0,179.0,12.81,False,False,-1.2507168917709635,-1.275077777637746,False
23,F03,S03,20.459248891965867,77.33370861113902,14,13.98,0,179.0,165.0,11.81,False,False,1.1427496024604284,1.0765345785417049,False
24,F03,S03,20.459248891965867,77.33370861113902,11,13.98,28,193.0,182.0,13.02,False,False,-0.6080440670236023,-0.6436432623440732,False
25,F03,S03,20.459248891965867,77.33370861113902,18,13.98,0,182.0,164.0,11.74,False,False,0.13554709265651255,0.08694484626912094,False
26,F03,S03,20.459248891965867,77.33370861113902,13,13.98,28,192.0,179.0,12.81,False,False,0.1726757629422888,0.12342425386600173,False
27,F03,S03,20.459248891965867,77.33370861113902,10,11.88,0,179.0,169.0,14.23,False,False,-0.2952719331187783,-0.33634052109747253,False
28,F03,S03,20.459248891965867,77.33370861113902,10,11.88,28,197.0,187.0,15.74,False,False,0.7303638604159648,0.6713601552350553,False
29,F03,S03,20.459248891965867,77.33370861113902,12,13.98,0,187.0,175.0,12.52,False,False,0.6435087355853444,0.5860238510747643,False
30,F03,S03,20.459248891965867,77.33370861113902,12,13.98,28,203.0,191.0,13.67,False,False,-1.0716666241388424,-1.0991585313246086,False
1,F04,S01,20.708072577796045,77.0205844942958,13,13.11,0,71.0,58.0,4.42,False,False,-0.3751687944361848,-0.6888127922378647,False
2,F04,S01,20.708072577796045,77.0205844942958,13,13.11,0,58.0,45.0,3.43,False,False,0.2377079989680535,0.412359175596153,False
3,F04,S01,20.708072577796045,77.0205844942958,14,13.11,0,45.0,31.0,2.36,False,False,0.269935553310507,0.47026327608695134,False
4,F04,S01,20.708072577796045,77.0205844942958,11,13.11,56,87.0,76.0,5.8,False,False,0.06980134703386831,0.11067684676169075,False
5,F04,S01,20.708072577796045,77.0205844942958,11,13.11,0,76.0,65.0,4.96,False,False,-0.1095586404420601,-0.2115839934024476,False
6,F04,S01,20.708072577796045,77.0205844942958,11,11.15,0,65.0,54.0,4.84,False,False,-0.021257497829008543,-0.052930991657817006,False
7,F04,S01,20.708072577796045,77.0205844942958,11,11.15,0,54.0,43.0,3.86,False,False,-0.30657890307758606,-0.5655755177094223,False
8,F04,S01,20.708072577796045,77.0205844942958,13,13.11,56,99.0,86.0,6.56,False,False,0.5402686008415714,0.9559778228343672,False
9,F04,S01,20.708072577796045,77.0205844942958,12,13.11,0,86.0,74.0,5.64,False,False,-0.7477315668555242,-1.358206193426914,False
10,F04,S01,20.708072577796045,77.0205844942958,12,13.11,0,74.0,62.0,4.73,False,False,-0.40667565271931316,-0.7454219990299654,False
11,F04,S01,20.708072577796045,77.0205844942958,15,13.11,0,62.0,47.0,3.58,False,False,4.021933270480572,7.211576952814479,True
12,F04,S01,20.708072577796045,77.0205844942958,15,13.11,56,103.0,88.0,6.71,False,False,2.727121552806924,4.8851544442943915,True
13,F04,S01,20.708072577796045,77.0205844942958,6,11.15,0,88.0,82.0,7.36,False,False,-6.4075193365466125,-11.527296788708936,False
14,F04,S01,20.708072577796045,77.0205844942958,13,11.15,0,82.0,69.0,6.19,False,False,1.2218581041067331,2.1806077364530196,False
15,F04,S01,20.708072577796045,77.0205844942958,17,13.11,0,69.0,52.0,3.97,True,False,3.515940106500894,6.302445632969321,True
16,F04,S01,20.708072577796045,77.0205844942958,15,13.11,28,80.0,65.0,4.96,True,False,0.41095340562036853,0.7236337864390295,False
17,F04,S01,20.708072577796045,77.0205844942958,12,13.11,0,65.0,53.0,4.04,True,False,-0.5807852877142459,-1.0582493918266378,False
18,F04,S01,20.708072577796045,77.0205844942958,11,13.11,0,53.0,42.0,3.2,True,False,-0.6856185354935658,-1.2466060648055146,False
19,F04,S01,20.708072577796045,77.0205844942958,14,13.11,0,42.0,28.0,2.14,True,False,0.6768464831829757,1.2013709215436699,False
20,F04,S01,20.708072577796045,77.0205844942958,10,11.15,28,56.0,46.0,4.13,True,False,-3.5831895091250203,-6.45274858041543,False
21,F04,S01,20.708072577796045,77.0205844942958,11,11.15,0,46.0,35.0,3.14,True,False,-0.6619816537863006,-1.2041370533775007,False
22,F04,S01,20.708072577796045,77.0205844942958,13,13.11,0,35.0,22.0,1.68,False,False,-0.0025834288962620633,-0.01937879739064485,False
23,F04,S01,20.708072577796045,77.0205844942958,15,13.11,0,22.0,7.0,0.53,False,False,0.3756410867203055,0.6601872077621352,False
24,F04,S01,20.708072577796045,77.0205844942958,12,13.11,56,63.0,51.0,3.89,False,False,0.36758345954399374,0.6457098555939649,False
25,F04,S01,20.708072577796045,77.0205844942958,12,13.11,0,51.0,39.0,2.97,False,False,0.36013665420763985,0.6323299832043425,False
26,F04,S01,20.708072577796045,77.0205844942958,13,13.11,0,39.0,26.0,1.98,False,False,-0.33338045360294544,-0.6137305734247507,False
27,F04,S01,20.708072577796045,77.0205844942958,14,11.15,0,26.0,12.0,1.08,False,False,0.018194535588024863,0.017953521739370593,False
28,F04,S01,20.708072577796045,77.0205844942958,11,11.15,56,68.0,57.0,5.11,False,False,0.2501506544248997,0.4347152242211803,False
29,F04,S01,20.708072577796045,77.0205844942958,12,13.11,0,57.0,45.0,3.43,False,False,-0.001790166448264685,-0.017953521739370593,False
30,F04,S01,20.708072577796045,77.0205844942958,14,13.11,0,45.0,31.0,2.36,False,False,-0.31925629372694786,-0.5883533212722187,False
1,F05,S02,20.721998772266826,77.93855270901575,7,8.65,0,71.0,64.0,7.4,False,False,0.0013251014847091014,0.008162259866166392,False
2,F05,S02,20.721998772266826,77.93855270901575,10,8.65,0,64.0,54.0,6.24,False,False,-0.010167146091068169,-0.11644932004517067,False
3,F05,S02,20.721998772266826,77.93855270901575,9,8.65,0,54.0,45.0,5.2,False,False,-0.021617723680606105,-0.24060906816416872,False
4,F05,S02,20.721998772266826,77.93855270901575,5,8.65,0,45.0,40.0,4.62,False,False,-0.0007105686574186976,-0.013910713319996841,False
5,F05,S02,20.721998772266826,77.93855270901575,9,8.65,43,83.0,74.0,8.55,False,False,0.00899774362727257,0.09135747935433296,False
6,F05,S02,20.721998772266826,77.93855270901575,8,7.36,0,74.0,66.0,8.97,False,False,0.07093152857186791,0.7629116501939763,False
7,F05,S02,20.721998772266826,77.93855270901575,6,7.36,0,66.0,60.0,8.16,False,False,-0.018375069566475055,-0.20544864809807578,False
8,F05,S02,20.721998772266826,77.93855270901575,9,8.65,0,60.0,51.0,5.89,False,False,1.7005079088444583,18.432569912688482,True
9,F05,S02,20.721998772266826,77.93855270901575,11,8.65,0,51.0,40.0,4.62,False,False,1.4195393055530232,15.385999489386457,True
10,F05,S02,20.721998772266826,77.93855270901575,9,8.65,43,83.0,74.0,8.55,False,False,0.06216427362596377,0.6678474355492001,False
11,F05,S02,20.721998772266826,77.93855270901575,7,8.65,0,74.0,67.0,7.74,False,False,0.3975168918268768,4.304109124646411,True
12,F05,S02,20.721998772266826,77.93855270901575,7,8.65,0,67.0,60.0,6.93,False,False,-2.570885647954672,-27.88257392894997,False
13,F05,S02,20.721998772266826,77.93855270901575,7,7.36,0,60.0,53.0,7.2,False,False,-0.1310571147239985,-1.427271236076036,False
14,F05,S02,20.721998772266826,77.93855270901575,7,7.36,0,53.0,46.0,6.25,False,False,0.06901889831131136,0.7421728106429963,False
15,F05,S02,20.721998772266826,77.93855270901575,8,8.65,21,67.0,59.0,6.82,True,False,0.5899950465490242,6.391168840354229,True
16,F05,S02,20.721998772266826,77.93855270901575,9,8.65,0,59.0,50.0,5.78,True,False,0.05357979843235228,0.5747651198809999,False
17,F05,S02,20.721998772266826,77.93855270901575,8,8.65,0,50.0,42.0,4.85,True,False,-0.6162910204847591,-6.688710586794833,False
18,F05,S02,20.721998772266826,77.93855270901575,8,8.65,0,42.0,34.0,3.93,True,False,0.06339133322567037,0.6811525644507997,False
19,F05,S02,20.721998772266826,77.93855270901575,9,8.65,0,34.0,25.0,2.89,True,False,-0.8646548703327941,-9.381744435774761,False
20,F05,S02,20.721998772266826,77.93855270901575,6,7.36,21,46.0,40.0,5.44,True,False,-0.06232209560729984,-0.681970608771331,False
21,F05,S02,20.721998772266826,77.93855270901575,7,7.36,0,40.0,33.0,4.49,True,False,-0.5006301969376654,-5.434588809395259,False
22,F05,S02,20.721998772266826,77.93855270901575,8,8.65,0,33.0,25.0,2.89,False,False,0.7949383910280341,8.613389844509333,True
23,F05,S02,20.721998772266826,77.93855270901575,9,8.65,0,25.0,16.0,1.85,False,False,1.0356582217914392,11.223538836656223,True
24,F05,S02,20.721998772266826,77.93855270901575,8,8.65,0,16.0,8.0,0.92,False,False,-0.004729155336950619,-0.057484647125826634,False
25,F05,S02,20.721998772266826,77.93855270901575,9,8.65,43,51.0,42.0,4.85,False,False,-0.028498551091725943,-0.3152185620114927,False
26,F05,S02,20.721998772266826,77.93855270901575,10,8.65,0,42.0,32.0,3.7,False,False,0.0012311097535331328,0.00714309820582016,False
27,F05,S02,20.721998772266826,77.93855270901575,5,7.36,0,32.0,27.0,3.67,False,False,0.05160384688027708,0.5533396812878277,False
28,F05,S02,20.721998772266826,77.93855270901575,8,7.36,0,27.0,19.0,2.58,False,False,-0.00779644593633666,-0.09074358321438679,False
29,F05,S02,20.721998772266826,77.93855270901575,7,8.65,0,19.0,12.0,1.39,False,False,-8.642836126782072e-05,-0.00714309820582016,False
30,F05,S02,20.721998772266826,77.93855270901575,7,8.65,43,55.0,48.0,5.55,False,False,-0.013962900073097195,-0.1576070568182923,False
1,F06,S03,20.1818249672071,77.18340450985343,12,12.16,0,155.0,143.0,11.76,False,False,0.053641319036442425,0.1664706286075542,False
2,F06,S03,20.1818249672071,77.18340450985343,11,12.16,25,168.0,157.0,12.91,False,False,0.01058248136783213,-0.016187203727784906,False
3,F06,S03,20.1818249672071,77.18340450985343,11,12.16,0,157.0,146.0,12.01,False,False,-0.15307918707836166,-0.7104485264517697,False
4,F06,S03,20.1818249672071,77.18340450985343,10,12.16,25,171.0,161.0,13.24,False,False,-0.027343597597663916,-0.1770716062778919,False
5,F06,S03,20.1818249672071,77.18340450985343,13,12.16,0,161.0,148.0,12.17,False,False,0.008927848089525625,-0.02320624428460207,False
6,F06,S03,20.1818249672071,77.18340450985343,11,10.33,25,173.0,162.0,15.68,False,False,0.15506156312709685,0.5967005870447443,False
7,F06,S03,20.1818249672071,77.18340450985343,10,10.33,0,162.0,152.0,14.71,False,False,0.01821426116847924,0.016187203727784906,False
8,F06,S03,20.1818249672071,77.18340450985343,8,12.16,25,177.0,169.0,13.9,False,False,-3.806737760955956,-16.209458516784537,False
9,F06,S03,20.1818249672071,77.18340450985343,16,12.16,0,169.0,153.0,12.58,False,False,4.6861553170705825,19.81783631702422,True
10,F06,S03,20.1818249672071,77.18340450985343,12,12.16,25,178.0,166.0,13.65,False,False,0.3681197939352021,1.5005047003866385,False
11,F06,S03,20.1818249672071,77.18340450985343,13,12.16,0,166.0,153.0,12.58,False,False,3.5103939209155914,14.830195228844007,True
12,F06,S03,20.1818249672071,77.18340450985343,9,12.16,25,178.0,169.0,13.9,False,False,-3.251366948031741,-13.853546598962295,False
13,F06,S03,20.1818249672071,77.18340450985343,10,10.33,0,169.0,159.0,15.39,False,False,-0.3269593288397097,-1.4480571452613438,False
14,F06,S03,20.1818249672071,77.18340450985343,10,10.33,25,184.0,174.0,16.84,False,False,0.03273523682380741,0.07778593885876221,False
15,F06,S03,20.1818249672071,77.18340450985343,11,12.16,0,174.0,163.0,13.41,True,False,-0.13613053784583684,-0.6385514735482303,False
16,F06,S03,20.1818249672071,77.18340450985343,13,12.16,12,175.0,162.0,13.33,True,False,1.7525858135752514,7.373481672863939,True
17,F06,S03,20.1818249672071,77.18340450985343,14,12.16,0,162.0,148.0,12.17,True,False,2.2486654237065355,9.477877219945714,True
18,F06,S03,20.1818249672071,77.18340450985343,9,12.16,12,160.0,151.0,12.42,True,False,0.2741213575667967,1.1017584369109577,False
19,F06,S03,20.1818249672071,77.18340450985343,13,12.16,0,151.0,138.0,11.35,True,False,1.5158684010458163,6.369314078247762,True
20,F06,S03,20.1818249672071,77.18340450985343,10,10.33,12,150.0,140.0,13.55,True,False,0.02447290606625785,0.0427367013984629,False
21,F06,S03,20.1818249672071,77.18340450985343,10,10.33,0,140.0,130.0,12.58,True,False,-0.2665476242433389,-1.1917875475034798,False
22,F06,S03,20.1818249672071,77.18340450985343,9,12.16,25,155.0,146.0,12.01,False,False,-1.8784032326650824,-8.029363000370482,False
23,F06,S03,20.1818249672071,77.18340450985343,14,12.16,0,146.0,132.0,10.86,False,False,2.5506602958578206,10.758955198596174,True
24,F06,S03,20.1818249672071,77.18340450985343,12,12.16,25,157.0,145.0,11.93,False,False,-0.053485358397585614,-0.28796631732169675,False
25,F06,S03,20.1818249672071,77.18340450985343,8,12.16,0,145.0,137.0,11.27,False,False,-0.1593013990311576,-0.7368434736720304,False
26,F06,S03,20.1818249672071,77.18340450985343,11,12.16,25,162.0,151.0,12.42,False,False,-0.013042131661599399,-0.11640404281034447,False
27,F06,S03,20.1818249672071,77.18340450985343,10,10.33,0,151.0,141.0,13.64,False,False,0.0034866916095506184,-0.046287913503791085,False
28,F06,S03,20.1818249672071,77.18340450985343,11,10.33,25,166.0,155.0,15.0,False,False,0.10641862345116415,0.39035470311714204,False
29,F06,S03,20.1818249672071,77.18340450985343,11,12.16,0,155.0,144.0,11.84,False,False,0.025361800541672253,0.04650743806589542,False
30,F06,S03,20.1818249672071,77.18340450985343,12,12.16,25,169.0,157.0,12.91,False,False,-0.018206174822683607,-0.13831018289590002,False
1,F07,S01,20.61165316048828,77.00706630521972,11,13.48,0,168.0,157.0,11.64,False,False,0.0029616954458671074,0.5978708213989973,False
2,F07,S01,20.61165316048828,77.00706630521972,12,13.48,0,157.0,145.0,10.75,False,False,0.001715192076671812,0.3114761224913808,False
3,F07,S01,20.61165316048828,77.00706630521972,13,13.48,0,145.0,132.0,9.79,False,False,0.00037581891344196094,0.0037438023968199906,False
4,F07,S01,20.61165316048828,77.00706630521972,9,13.48,55,187.0,178.0,13.2,False,False,-0.0008571992560746367,-0.27955255775204696,False
5,F07,S01,20.61165316048828,77.00706630521972,10,13.48,0,178.0,168.0,12.46,False,False,-0.005184075081709594,-1.2736888993917446,False
6,F07,S01,20.61165316048828,77.00706630521972,8,11.46,0,168.0,160.0,13.96,False,False,-0.0029096878285379546,-0.7511291786010027,False
7,F07,S01,20.61165316048828,77.00706630521972,9,11.46,0,160.0,151.0,13.17,False,False,-0.005562054881806944,-1.3605329575124423,False
8,F07,S01,20.61165316048828,77.00706630521972,16,13.48,55,206.0,190.0,14.09,False,False,4.016963645381507,922.8487914976446,True
9,F07,S01,20.61165316048828,77.00706630521972,11,13.48,0,190.0,179.0,13.28,False,False,-0.48526034527984585,-111.57527512362073,False
10,F07,S01,20.61165316048828,77.00706630521972,11,13.48,0,179.0,168.0,12.46,False,False,-3.655630142544119,-839.9945686065297,False
11,F07,S01,20.61165316048828,77.00706630521972,15,13.48,0,168.0,153.0,11.35,False,False,5.0082294546191015,1150.6005007908882,True
12,F07,S01,20.61165316048828,77.00706630521972,12,13.48,55,208.0,196.0,14.54,False,False,0.0011710542391849543,0.18645584899473186,False
13,F07,S01,20.61165316048828,77.00706630521972,12,11.46,0,196.0,184.0,16.05,False,False,2.6693472971708943,613.2225298872024,True
14,F07,S01,20.61165316048828,77.00706630521972,10,11.46,0,184.0,174.0,15.18,False,False,1.2434497875801753e-14,-0.08260377372318771,False
15,F07,S01,20.61165316048828,77.00706630521972,9,13.48,0,174.0,165.0,12.24,True,False,-3.827288059189705,-879.4344277900302,False
16,F07,S01,20.61165316048828,77.00706630521972,14,13.48,27,192.0,178.0,13.2,True,False,3.342019628910098,767.7746912955606,True
17,F07,S01,20.61165316048828,77.00706630521972,10,13.48,0,178.0,168.0,12.46,True,False,-5.880407436259776,-1351.1559813362294,False
18,F07,S01,20.61165316048828,77.00706630521972,12,13.48,0,168.0,156.0,11.57,True,False,1.5530893208194154,356.7528123229494,True
19,F07,S01,20.61165316048828,77.00706630521972,12,13.48,0,156.0,144.0,10.68,True,False,-1.3299174136096639,-305.64238536390434,False
20,F07,S01,20.61165316048828,77.00706630521972,11,11.46,27,171.0,160.0,13.96,True,False,1.214649439224571,278.9933851260072,True
21,F07,S01,20.61165316048828,77.00706630521972,10,11.46,0,160.0,150.0,13.09,True,False,-0.00213528688980702,-0.5732040087518439,False
22,F07,S01,20.61165316048828,77.00706630521972,13,13.48,0,150.0,137.0,10.16,False,False,0.0026879739204943576,0.534980984290679,False
23,F07,S01,20.61165316048828,77.00706630521972,10,13.48,0,137.0,127.0,9.42,False,False,0.5033651049535397,115.56978934161373,True
24,F07,S01,20.61165316048828,77.00706630521972,17,13.48,55,182.0,165.0,12.24,False,False,0.0003894135761619566,0.006867291215752939,False
25,F07,S01,20.61165316048828,77.00706630521972,11,13.48,0,165.0,154.0,11.42,False,False,0.0003995588857712562,0.009198261963754728,False
26,F07,S01,20.61165316048828,77.00706630521972,15,13.48,0,154.0,139.0,10.31,False,False,-0.00030464528582818673,-0.15259860652357932,False
27,F07,S01,20.61165316048828,77.00706630521972,11,11.46,0,139.0,128.0,11.17,False,False,0.0003432298863472738,-0.0037438023968199906,False
28,F07,S01,20.61165316048828,77.00706630521972,11,11.46,55,183.0,172.0,15.01,False,False,0.0009205591743235431,0.12890248776704324,False
29,F07,S01,20.61165316048828,77.00706630521972,14,13.48,0,172.0,158.0,11.72,False,False,-0.0014448984299963996,-0.41458141697786405,False
30,F07,S01,20.61165316048828,77.00706630521972,9,13.48,0,158.0,149.0,11.05,False,False,0.00016889493524274712,-0.04379873290445862,False
1,F08,S02,20.29122914019804,77.61185289472238,12,10.55,0,121.0,109.0,10.33,False,False,0.0005417473306756904,0.049988851122277626,False
2,F08,S02,20.29122914019804,77.61185289472238,10,10.55,0,109.0,99.0,9.38,False,False,0.0036136316097810095,0.12523023816929632,False
3,F08,S02,20.29122914019804,77.61185289472238,9,10.55,0,99.0,90.0,8.53,False,False,0.00017097373581265174,0.04090728520924476,False
4,F08,S02,20.29122914019804,77.61185289472238,8,10.55,0,90.0,82.0,7.77,False,False,6.505513479027059e-07,0.03673546378596986,False
5,F08,S02,20.29122914019804,77.61185289472238,9,10.55,51,133.0,124.0,11.75,False,False,-0.003935782464861148,-0.0596818010738611,False
6,F08,S02,20.29122914019804,77.61185289472238,9,8.97,0,124.0,115.0,12.83,False,False,-0.0003210402272859625,0.028856110859401624,False
7,F08,S02,20.29122914019804,77.61185289472238,7,8.97,0,115.0,108.0,12.04,False,False,-0.008774015097026577,-0.17818735044510883,False
8,F08,S02,20.29122914019804,77.61185289472238,7,10.55,0,108.0,101.0,9.57,False,False,-5.211196296536483,-127.60403835738005,False
9,F08,S02,20.29122914019804,77.61185289472238,9,10.55,0,101.0,92.0,8.72,False,False,-0.6816222031399253,-16.65863594181122,False
10,F08,S02,20.29122914019804,77.61185289472238,11,10.55,51,143.0,132.0,12.51,False,False,1.6637933825423818,40.78894535829875,True
11,F08,S02,20.29122914019804,77.61185289472238,13,10.55,0,132.0,119.0,11.28,False,False,4.336118073071187,106.24369497990344,True
12,F08,S02,20.29122914019804,77.61185289472238,9,10.55,0,119.0,110.0,10.43,False,False,0.0039359309516928676,0.13312449697804687,False
13,F08,S02,20.29122914019804,77.61185289472238,6,8.97,0,110.0,104.0,11.6,False,False,-2.6505464367304006,-64.88460308956539,False
14,F08,S02,20.29122914019804,77.61185289472238,8,8.97,0,104.0,96.0,10.71,False,False,7.105427357601002e-15,0.036719529466581656,False
15,F08,S02,20.29122914019804,77.61185289472238,10,10.55,25,121.0,111.0,10.52,True,False,-2.43985714044676,-59.72407181689699,False
16,F08,S02,20.29122914019804,77.61185289472238,11,10.55,0,111.0,100.0,9.48,True,False,1.6138031576787455,39.564506702481985,True
17,F08,S02,20.29122914019804,77.61185289472238,13,10.55,0,100.0,87.0,8.25,True,False,3.3167510681541152,81.27576637607467,True
18,F08,S02,20.29122914019804,77.61185289472238,10,10.55,0,87.0,77.0,7.3,True,False,0.6784383387384718,16.65409082166397,True
19,F08,S02,20.29122914019804,77.61185289472238,13,10.55,0,77.0,64.0,6.07,True,False,4.029290615033368,98.72839771304147,True
20,F08,S02,20.29122914019804,77.61185289472238,8,8.97,25,89.0,81.0,9.03,True,False,-0.278239921906664,-6.778367158046734,False
21,F08,S02,20.29122914019804,77.61185289472238,9,8.97,0,81.0,72.0,8.03,True,False,0.06938815918570995,1.7362826859576785,False
22,F08,S02,20.29122914019804,77.61185289472238,9,10.55,0,72.0,63.0,5.97,False,False,-3.61755498051631,-88.5700864964991,False
23,F08,S02,20.29122914019804,77.61185289472238,9,10.55,0,63.0,54.0,5.12,False,False,-0.06211188955231606,-1.4846218679994514,False
24,F08,S02,20.29122914019804,77.61185289472238,10,10.55,0,54.0,44.0,4.17,False,False,-0.005273179437530473,-0.09243941630715086,False
25,F08,S02,20.29122914019804,77.61185289472238,10,10.55,51,95.0,85.0,8.06,False,False,-0.0047426496289944,-0.07944485172164199,False
26,F08,S02,20.29122914019804,77.61185289472238,9,10.55,0,85.0,76.0,7.2,False,False,-0.005216518641050882,-0.09105159159405493,False
27,F08,S02,20.29122914019804,77.61185289472238,8,8.97,0,76.0,68.0,7.58,False,False,-0.00370429005362638,-0.054011727422116726,False
28,F08,S02,20.29122914019804,77.61185289472238,10,8.97,0,68.0,58.0,6.47,False,False,-0.02386954681307074,-0.5479306875405503,False
29,F08,S02,20.29122914019804,77.61185289472238,13,10.55,0,58.0,45.0,4.27,False,False,-0.002677260302009543,-0.028856110859401624,False
30,F08,S02,20.29122914019804,77.61185289472238,9,10.55,51,96.0,87.0,8.25,False,False,0.031206150953153156,0.8010693124594497,False
1,F09,S03,20.046665663213616,77.97375551884146,5,6.23,0,94.0,89.0,14.27,False,False,-0.3922978966651751,-0.9466868337795394,False
2,F09,S03,20.046665663213616,77.97375551884146,6,6.23,15,104.0,98.0,15.72,False,False,-0.3226572664000589,-0.7815709613794318,False
3,F09,S03,20.046665663213616,77.97375551884146,9,6.23,0,98.0,89.0,14.27,False,False,0.30861107614962613,0.7151475878619644,False
4,F09,S03,20.046665663213616,77.97375551884146,6,6.23,15,104.0,98.0,15.72,False,False,0.19019117332280544,0.4343775045018661,False
5,F09,S03,20.046665663213616,77.97375551884146,7,6.23,0,98.0,91.0,14.6,False,False,0.2652727079895536,0.6123936001409218,False
6,F09,S03,20.046665663213616,77.97375551884146,6,5.3,15,106.0,100.0,18.87,False,False,0.06848770154216233,0.14582217637398914,False
7,F09,S03,20.046665663213616,77.97375551884146,5,5.3,0,100.0,95.0,17.93,False,False,0.09191360147059857,0.20136429149724772,False
8,F09,S03,20.046665663213616,77.97375551884146,7,6.23,15,110.0,103.0,16.52,False,False,1.2130071798580895,2.8594439718922837,True
9,F09,S03,20.046665663213616,77.97375551884146,6,6.23,0,103.0,97.0,15.56,False,False,0.2774147778898257,0.6411820883653135,False
10,F09,S03,20.046665663213616,77.97375551884146,7,6.23,15,112.0,105.0,16.84,False,False,-0.8783529259424689,-2.0991089168085764,False
11,F09,S03,20.046665663213616,77.97375551884146,5,6.23,0,105.0,100.0,16.04,False,False,-0.5304047256158722,-1.2741340360778992,False
12,F09,S03,20.046665663213616,77.97375551884146,6,6.23,15,115.0,109.0,17.48,False,False,-0.5591548870897967,-1.3422998176818157,False
13,F09,S03,20.046665663213616,77.97375551884146,5,5.3,0,109.0,104.0,19.62,False,False,-0.07232409205276369,-0.18803841700574098,False
14,F09,S03,20.046665663213616,77.97375551884146,5,5.3,15,119.0,114.0,21.51,False,False,-0.11636960208640978,-0.292469017171577,False
15,F09,S03,20.046665663213616,77.97375551884146,7,6.23,0,114.0,107.0,17.16,True,False,0.5636481633663557,1.3198329703730176,False
16,F09,S03,20.046665663213616,77.97375551884146,6,6.23,7,114.0,108.0,17.32,True,False,0.5370403836294386,1.2567467124347167,False
17,F09,S03,20.046665663213616,77.97375551884146,5,6.23,0,108.0,103.0,16.52,True,False,-2.6068644087885575,-6.197358463908066,False
18,F09,S03,20.046665663213616,77.97375551884146,6,6.23,7,110.0,104.0,16.68,True,False,0.4518784324901697,1.0548302478058873,False
19,F09,S03,20.046665663213616,77.97375551884146,5,6.23,0,104.0,99.0,15.88,True,False,-1.7965364293893211,-4.276094817393622,False
20,F09,S03,20.046665663213616,77.97375551884146,4,5.3,7,106.0,102.0,19.25,True,False,-0.3730663037328643,-0.9010892963567217,False
21,F09,S03,20.046665663213616,77.97375551884146,4,5.3,0,102.0,98.0,18.49,True,False,-1.1963647862467042,-2.853105621718026,False
22,F09,S03,20.046665663213616,77.97375551884146,6,6.23,15,113.0,107.0,17.16,False,False,0.008604245300958269,0.003840274688746337,False
23,F09,S03,20.046665663213616,77.97375551884146,4,6.23,0,107.0,103.0,16.52,False,False,-0.2915505726973935,-0.7078179116346864,False
24,F09,S03,20.046665663213616,77.97375551884146,7,6.23,15,118.0,111.0,17.8,False,False,0.055441012422130065,0.1148888627640147,False
25,F09,S03,20.046665663213616,77.97375551884146,5,6.23,0,111.0,106.0,17.0,False,False,-0.19907915341460924,-0.48857091446037715,False
26,F09,S03,20.046665663213616,77.97375551884146,7,6.23,15,121.0,114.0,18.28,False,False,0.05026524860892945,0.10261728000980738,False
27,F09,S03,20.046665663213616,77.97375551884146,4,5.3,0,114.0,110.0,20.76,False,False,0.1769501198343102,0.4029833587291141,False
28,F09,S03,20.046665663213616,77.97375551884146,6,5.3,15,125.0,119.0,22.45,False,False,0.17552609197857905,0.3996070308465837,False
29,F09,S03,20.046665663213616,77.97375551884146,6,6.23,0,119.0,113.0,18.12,False,False,-0.1957108051832579,-0.4805846605357695,False
30,F09,S03,20.046665663213616,77.97375551884146,4,6.23,15,128.0,124.0,19.89,False,False,0.005364833537231384,-0.003840274688746337,False
1,F10,S01,20.456069984217034,77.78517596139301,15,14.93,0,130.0,115.0,7.7,False,False,-0.011811652288582053,0.020290733266911155,False
2,F10,S01,20.456069984217034,77.78517596139301,14,14.93,0,115.0,101.0,6.77,False,False,0.03253444556751717,0.18697627409724352,False
3,F10,S01,20.456069984217034,77.78517596139301,9,14.93,0,101.0,92.0,6.16,False,False,0.09391585646383938,0.4176931616435315,False
4,F10,S01,20.456069984217034,77.78517596139301,18,14.93,64,156.0,138.0,9.25,False,False,-0.022608207749170717,-0.020290733266911155,False
5,F10,S01,20.456069984217034,77.78517596139301,19,14.93,0,138.0,119.0,7.97,False,False,0.1443597879010916,0.6072988857031997,False
6,F10,S01,20.456069984217034,77.78517596139301,15,12.69,0,119.0,104.0,8.2,False,False,-0.2318075314031276,-0.8066170187893152,False
7,F10,S01,20.456069984217034,77.78517596139301,11,12.69,0,104.0,93.0,7.33,False,False,-0.2037590490819774,-0.7011900100738706,False
8,F10,S01,20.456069984217034,77.78517596139301,15,14.93,64,157.0,142.0,9.51,False,False,-0.037414091662688165,-0.07594223107409293,False
9,F10,S01,20.456069984217034,77.78517596139301,16,14.93,0,142.0,126.0,8.44,False,False,1.2766723655007866,4.863369735468714,True
10,F10,S01,20.456069984217034,77.78517596139301,11,14.93,0,126.0,115.0,7.7,False,False,-0.23384499562609307,-0.8142753211506524,False
11,F10,S01,20.456069984217034,77.78517596139301,15,14.93,0,115.0,100.0,6.7,False,False,-1.8182499179338851,-6.7696446577289775,False
12,F10,S01,20.456069984217034,77.78517596139301,17,14.93,64,164.0,147.0,9.85,False,False,-0.34964647248962955,-1.2495431966373567,False
13,F10,S01,20.456069984217034,77.78517596139301,14,12.69,0,147.0,133.0,10.48,False,False,0.37576670716051375,1.4770977936883527,False
14,F10,S01,20.456069984217034,77.78517596139301,10,12.69,0,133.0,123.0,9.69,False,False,0.31744185862071816,1.257869735466632,False
15,F10,S01,20.456069984217034,77.78517596139301,12,14.93,0,123.0,111.0,7.44,True,False,-3.8465116269119086,-14.393357143177285,False
16,F10,S01,20.456069984217034,77.78517596139301,16,14.93,32,143.0,127.0,8.51,True,False,-0.1895574837557934,-0.6478099899261294,False
17,F10,S01,20.456069984217034,77.78517596139301,16,14.93,0,127.0,111.0,7.44,True,False,1.8198409867359278,6.905000448647532,True
18,F10,S01,20.456069984217034,77.78517596139301,9,14.93,0,111.0,102.0,6.83,True,False,-6.996910729605612,-26.234894587303717,False
19,F10,S01,20.456069984217034,77.78517596139301,9,14.93,0,102.0,93.0,6.23,True,False,-7.16789561464725,-26.877582657164133,False
20,F10,S01,20.456069984217034,77.78517596139301,12,12.69,32,125.0,113.0,8.91,True,False,0.0515825053574126,0.25857301656937837,False
21,F10,S01,20.456069984217034,77.78517596139301,11,12.69,0,113.0,102.0,8.04,True,False,3.0731827918327355,11.615988939805003,True
22,F10,S01,20.456069984217034,77.78517596139301,14,14.93,0,102.0,88.0,5.9,False,False,-2.4497065048396465,-9.143127056130941,False
23,F10,S01,20.456069984217034,77.78517596139301,14,14.93,0,88.0,74.0,4.96,False,False,-3.5760012164144115,-13.376578300079842,False
24,F10,S01,20.456069984217034,77.78517596139301,17,14.93,64,138.0,121.0,8.11,False,False,0.026899557042495914,0.16579618189703163,False
25,F10,S01,20.456069984217034,77.78517596139301,15,14.93,0,121.0,106.0,7.1,False,False,-0.002792351254139902,0.05419195893316885,False
26,F10,S01,20.456069984217034,77.78517596139301,15,14.93,0,106.0,91.0,6.1,False,False,0.041804972925623574,0.22182179469936408,False
27,F10,S01,20.456069984217034,77.78517596139301,10,12.69,0,91.0,81.0,6.38,False,False,-0.08324676856888047,-0.2482154390258004,False
28,F10,S01,20.456069984217034,77.78517596139301,6,12.69,64,145.0,139.0,10.96,False,False,-0.045285346713646035,-0.10552824807698344,False
29,F10,S01,20.456069984217034,77.78517596139301,17,14.93,0,139.0,122.0,8.17,False,False,0.002101181446231948,0.07258548585360369,False
30,F10,S01,20.456069984217034,77.78517596139301,19,14.93,0,122.0,103.0,6.9,False,False,0.057211120697498785,0.27972952948586116,False
